ELPD difference,SE difference
0,0
-408.41948232348375,85.72367898559743
