Cause,Poisson,Negative.Binomial
Chronic,1777.5654813245317,1779.3439358849325
Neoplasms,1422.2565372011795,1420.834991555263
Cardiovascular,735.830652101356,735.830652101356
Stroke,669.1444793730825,668.4756693544527
Myocardial Infarction,1137.9685749209164,1136.8311751406686
